Rk,School,Conf,Unnamed:_3_level_1,W,L,Pts,Opp,MOV,Unnamed:_9_level_1,SOS,Unnamed:_11_level_1,OSRS,DSRS,SRS,ORtg,DRtg,NRtg,season
1,Alabama,SEC,,31,6,81.8,68.3,13.54,,9.65,,16.81,6.38,23.19,116.59,84.21,32.38,2023
2,Connecticut,Big East,,31,8,78.6,64.1,14.44,,8.51,,11.40,11.55,22.95,120.24,87.74,32.50,2023
3,Houston,AAC,,33,4,74.9,57.5,17.41,,4.79,,5.59,16.60,22.20,118.29,84.87,33.42,2023
4,UCLA,Pac-12,,31,6,74.1,60.7,13.46,,8.66,,7.51,14.61,22.11,116.30,84.44,31.86,2023
5,Tennessee,SEC,,25,11,70.8,57.9,12.86,,7.98,,4.15,16.69,20.84,113.02,82.38,30.64,2023
6,Texas,Big 12,,29,9,78.0,67.8,10.13,,10.43,,11.50,9.06,20.56,117.44,88.11,29.33,2023
7,Kansas,Big 12,,28,8,75.4,68.1,7.36,,11.84,,10.82,8.38,19.20,115.75,88.87,26.88,2023
8,Arizona,Pac-12,,28,7,81.9,71.1,10.74,,8.34,,16.78,2.30,19.08,119.30,93.21,26.09,2023
9,Gonzaga,WCC,,31,6,86.1,73.4,12.76,,8.04,,17.17,1.82,18.99,123.14,96.56,26.58,2023
10,Purdue,Big Ten,,29,6,72.7,62.7,9.91,,8.31,,6.20,12.02,18.23,118.18,90.98,27.21,2023
11,Creighton,Big East,,24,13,76.4,68.4,8.03,,9.80,,9.54,8.29,17.83,116.51,90.96,25.56,2023
12,Saint Mary's (CA),WCC,,27,8,70.7,60.1,10.51,,7.18,,1.26,16.15,17.41,113.60,87.49,26.11,2023
13,Baylor,Big 12,,23,11,77.0,70.3,6.76,,10.54,,11.99,5.31,17.30,120.65,96.38,24.26,2023
14,Marquette,Big East,,29,7,79.3,70.3,9.06,,8.01,,12.47,4.59,17.07,118.55,94.39,24.16,2023
15,Xavier,Big East,,27,10,80.9,74.1,6.86,,9.16,,13.90,2.13,16.03,117.67,95.59,22.08,2023
16,Arkansas,SEC,,22,14,74.1,67.9,6.11,,9.87,,8.68,7.30,15.99,112.20,89.64,22.56,2023
17,West Virginia,Big 12,,19,15,76.0,70.9,5.06,,10.89,,10.83,5.12,15.95,117.45,95.01,22.44,2023
18,Duke,ACC,,27,9,72.0,63.6,8.39,,7.44,,4.64,11.19,15.83,113.58,90.13,23.45,2023
19,San Diego State,MWC,,32,7,71.2,63.5,7.69,,8.92,,3.71,12.11,15.81,111.42,88.26,23.16,2023
20,Kansas State,Big 12,,26,10,76.2,69.9,6.31,,9.48,,11.03,4.75,15.79,113.22,90.98,22.24,2023
,,,,,,,,,,,,SRS,SRS,SRS,Adjusted,Adjusted,Adjusted,2023
21,TCU,Big 12,,22,13,75.3,68.4,6.83,,8.78,,8.77,6.83,15.61,112.52,90.99,21.52,2023
22,Iowa State,Big 12,,19,14,67.6,62.6,4.97,,10.39,,0.56,14.80,15.36,108.21,86.45,21.77,2023
23,Indiana,Big Ten,,23,12,74.7,68.7,6.06,,8.88,,8.49,6.45,14.94,115.04,93.62,21.42,2023
24,Illinois,Big Ten,,20,13,74.3,67.2,7.15,,7.65,,8.56,6.25,14.81,111.43,90.85,20.58,2023
25,Kentucky,SEC,,22,12,74.5,67.8,6.68,,8.08,,7.72,7.03,14.76,116.86,95.26,21.61,2023
26,Maryland,Big Ten,,22,13,69.7,63.5,6.23,,8.35,,3.67,10.91,14.58,114.39,92.42,21.97,2023
27,Rutgers,Big Ten,,19,15,68.4,61.1,7.26,,7.31,,1.24,13.33,14.58,106.96,86.04,20.92,2023
28,Memphis,AAC,,26,9,79.4,71.8,7.60,,6.90,,11.95,2.55,14.50,113.01,92.66,20.35,2023
29,Auburn,SEC,,21,13,72.8,67.7,5.06,,9.29,,6.77,7.57,14.35,112.19,91.74,20.45,2023
30,Michigan State,Big Ten,,21,13,70.9,67.9,3.00,,11.25,,5.11,9.14,14.25,113.63,92.82,20.80,2023
31,Utah State,MWC,,26,9,78.2,69.9,8.29,,6.81,,10.31,3.92,14.23,115.77,95.79,19.98,2023
32,Iowa,Big Ten,,19,14,80.1,74.7,5.39,,8.69,,15.11,-1.02,14.08,120.48,100.66,19.82,2023
33,Miami (FL),ACC,,29,8,79.1,71.9,7.14,,6.84,,12.19,1.79,13.98,118.42,98.47,19.94,2023
34,Florida Atlantic,CUSA,,35,4,77.8,65.3,12.51,,2.30,,7.46,6.46,13.92,114.19,93.93,20.26,2023
35,Oregon,Pac-12,,21,15,70.6,66.3,4.33,,9.50,,6.24,7.59,13.83,113.55,93.82,19.73,2023
36,Texas A&M,SEC,,25,10,72.8,66.5,6.34,,7.42,,5.62,8.14,13.76,114.16,94.06,20.10,2023
37,Northwestern,Big Ten,,22,12,67.7,62.8,4.97,,8.71,,1.82,11.86,13.68,109.51,90.07,19.44,2023
38,Virginia,ACC,,25,8,67.8,60.5,7.30,,5.98,,-0.68,13.96,13.28,111.90,91.71,20.20,2023
39,Southern California,Pac-12,,22,11,72.5,67.4,5.06,,8.00,,7.27,5.79,13.06,112.00,93.74,18.26,2023
40,Penn State,Big Ten,,23,14,72.2,68.2,4.03,,9.02,,7.07,5.97,13.04,117.68,98.67,19.01,2023
,,,,,,,,,,,,SRS,SRS,SRS,Adjusted,Adjusted,Adjusted,2023
41,Ohio State,Big Ten,,16,19,72.5,69.0,3.54,,9.45,,7.52,5.47,12.99,116.01,97.30,18.71,2023
42,North Carolina,ACC,,20,13,76.2,70.9,5.27,,7.66,,9.31,3.62,12.94,112.23,93.93,18.31,2023
43,Providence,Big East,,21,12,77.3,71.0,6.33,,6.55,,9.40,3.49,12.89,115.07,97.47,17.60,2023
44,Boise State,MWC,,24,10,72.1,64.6,7.44,,6.21,,3.92,8.86,12.78,109.90,91.45,18.45,2023
45,Oklahoma State,Big 12,,20,16,68.3,65.8,2.44,,10.18,,2.94,9.68,12.62,106.52,88.41,18.11,2023
46,Texas Tech,Big 12,,16,16,73.3,69.0,4.34,,8.24,,5.96,6.62,12.58,111.79,94.74,17.05,2023
47,NC State,ACC,,23,11,77.7,70.8,6.91,,5.58,,9.38,3.12,12.50,113.35,96.13,17.22,2023
48,Michigan,Big Ten,,18,16,73.4,69.6,3.74,,8.69,,7.72,4.71,12.43,112.11,94.40,17.71,2023
49,Cincinnati,AAC,,23,13,77.1,69.3,7.81,,4.97,,7.51,4.26,11.77,112.17,95.79,16.39,2023
50,Mississippi State,SEC,,21,13,65.7,61.0,4.74,,6.69,,-1.91,13.34,11.43,105.86,89.07,16.78,2023
51,Missouri,SEC,,25,10,78.9,74.4,4.51,,6.89,,11.99,-0.59,11.41,118.34,102.33,16.01,2023
52,Oklahoma,Big 12,,15,17,67.7,67.5,0.13,,11.25,,3.09,8.29,11.38,111.13,94.36,16.77,2023
53,Utah,Pac-12,,17,15,68.7,63.8,4.81,,6.53,,2.51,8.82,11.34,107.25,91.22,16.03,2023
54,Arizona State,Pac-12,,23,13,71.1,68.0,3.11,,8.18,,4.82,6.47,11.29,107.80,91.60,16.21,2023
55,Colorado,Pac-12,,18,17,69.9,67.1,2.77,,8.39,,4.45,6.72,11.17,107.31,91.58,15.73,2023
56,UCF,AAC,,19,15,71.5,65.5,6.00,,5.09,,2.50,8.59,11.09,109.31,92.20,17.10,2023
57,Seton Hall,Big East,,17,16,68.4,65.1,3.24,,8.50,,0.88,10.13,11.00,106.75,91.12,15.63,2023
58,Wisconsin,Big Ten,,20,15,65.3,63.6,1.69,,9.29,,-0.11,11.09,10.98,107.56,91.54,16.02,2023
59,UAB,CUSA,,29,10,80.7,70.3,10.49,,1.70,,11.17,-0.21,10.96,111.06,95.79,15.27,2023
60,Florida,SEC,,16,17,71.2,68.6,2.64,,8.26,,5.17,5.73,10.90,107.45,91.83,15.62,2023
,,,,,,,,,,,,SRS,SRS,SRS,Adjusted,Adjusted,Adjusted,2023
61,New Mexico,MWC,,22,12,80.9,74.3,6.59,,5.22,,12.61,-1.79,10.82,113.45,98.47,14.98,2023
62,North Texas,CUSA,,31,7,64.5,55.8,8.71,,2.51,,-4.93,15.64,10.71,110.30,92.94,17.36,2023
63,Villanova,Big East,,17,17,69.6,67.7,1.91,,8.69,,2.48,8.12,10.61,112.68,97.01,15.66,2023
64,Pittsburgh,ACC,,24,12,75.1,69.7,5.39,,5.20,,6.56,4.03,10.59,113.34,98.01,15.33,2023
65,Clemson,ACC,,23,11,74.7,67.9,6.82,,3.71,,6.03,4.51,10.53,110.66,95.54,15.12,2023
66,Washington State,Pac-12,,17,17,68.4,65.7,2.62,,7.91,,2.19,8.33,10.53,112.19,96.78,15.41,2023
67,Nevada,MWC,,22,11,72.6,67.8,4.82,,6.41,,4.55,5.45,10.01,110.80,95.99,14.81,2023
68,Virginia Commonwealth,A-10,,27,8,70.9,62.9,7.94,,1.95,,1.88,8.01,9.89,105.83,91.65,14.17,2023
69,Stanford,Pac-12,,14,19,70.3,68.4,1.97,,7.67,,4.91,4.73,9.64,113.91,100.23,13.68,2023
70,Brigham Young,WCC,,19,15,75.5,69.9,5.65,,5.40,,5.35,4.08,9.43,107.41,93.73,13.69,2023
71,Virginia Tech,ACC,,19,15,74.1,70.1,4.06,,5.30,,6.39,2.97,9.36,113.86,100.01,13.84,2023
72,Vanderbilt,SEC,,22,15,71.9,71.5,0.43,,8.55,,6.07,2.91,8.98,113.28,100.58,12.69,2023
73,Dayton,A-10,,22,12,68.6,61.0,7.62,,1.09,,-1.60,10.31,8.71,108.75,95.31,13.44,2023
74,St. John's (NY),Big East,,18,15,77.3,75.2,2.15,,6.49,,10.42,-1.78,8.64,108.08,96.10,11.98,2023
75,Oral Roberts,Summit,,30,5,83.3,70.2,13.06,,-2.84,,9.32,-0.78,8.55,112.16,100.62,11.53,2023
76,Santa Clara,WCC,,23,10,76.9,73.1,3.79,,5.05,,7.78,0.76,8.55,109.68,98.02,11.66,2023
77,Utah Valley,WAC,,28,9,77.4,68.6,8.78,,1.83,,5.17,3.31,8.48,105.90,94.30,11.60,2023
78,College of Charleston,CAA,,31,4,80.1,67.2,12.89,,-4.02,,7.90,0.50,8.40,107.74,96.51,11.23,2023
79,Liberty,A-Sun,,27,9,74.7,60.9,13.75,,-1.91,,0.85,7.51,8.36,110.16,96.70,13.46,2023
80,Wake Forest,ACC,,19,14,76.6,73.8,2.82,,5.43,,8.56,-0.32,8.25,111.95,100.40,11.55,2023
,,,,,,,,,,,,SRS,SRS,SRS,Adjusted,Adjusted,Adjusted,2023
81,Drake,MVC,,27,8,74.8,63.9,10.89,,-1.14,,2.53,5.30,7.84,107.50,95.60,11.90,2023
82,Yale,Ivy,,21,9,75.8,63.2,12.53,,-1.62,,2.05,5.76,7.81,107.79,96.19,11.60,2023
83,Iona,MAAC,,27,8,76.0,65.6,10.37,,-2.76,,4.88,2.74,7.61,109.64,98.65,10.99,2023
84,Kent State,MAC,,28,7,76.1,65.9,10.29,,-1.22,,2.15,5.39,7.53,104.78,94.37,10.41,2023
85,Nevada-Las Vegas,MWC,,19,13,74.3,70.0,4.22,,5.17,,5.68,1.52,7.20,106.96,96.93,10.03,2023
86,Sam Houston,WAC,,26,8,72.2,59.3,12.91,,1.08,,-2.47,9.61,7.15,104.40,93.82,10.59,2023
87,Marshall,Sun Belt,,24,8,81.8,71.3,10.47,,-2.84,,9.50,-2.37,7.13,107.95,98.98,8.98,2023
88,Nebraska,Big Ten,,16,16,68.0,69.9,-1.91,,9.02,,1.80,5.31,7.12,106.08,95.91,10.17,2023
89,Washington,Pac-12,,16,16,69.2,70.3,-1.16,,7.94,,3.86,2.92,6.78,105.03,95.62,9.41,2023
90,Bradley,MVC,,25,10,70.7,62.7,7.94,,-0.67,,-0.46,6.97,6.51,106.51,96.63,9.88,2023
91,Saint Louis,A-10,,21,12,75.5,71.2,4.39,,2.85,,6.56,-0.53,6.04,110.69,101.59,9.10,2023
92,San Francisco,WCC,,20,14,76.2,73.4,2.79,,3.63,,5.29,0.71,6.00,108.82,100.56,8.25,2023
93,Butler,Big East,,14,18,65.3,67.9,-2.69,,8.54,,-2.58,8.43,5.85,102.80,95.12,7.68,2023
94,Wichita State,AAC,,17,15,71.0,68.5,2.53,,3.25,,1.05,4.73,5.78,105.38,97.19,8.18,2023
95,Toledo,MAC,,27,8,85.4,76.9,8.51,,-2.57,,11.97,-6.21,5.76,117.19,109.20,7.99,2023
96,Mississippi,SEC,,12,21,67.5,69.1,-1.58,,7.30,,0.80,4.93,5.73,105.82,97.99,7.83,2023
97,Colorado State,MWC,,15,18,72.5,71.4,1.09,,5.86,,4.41,1.24,5.64,111.41,103.44,7.97,2023
98,Tulane,AAC,,20,11,79.9,77.2,2.77,,2.69,,10.59,-5.13,5.46,108.18,100.57,7.62,2023
99,Syracuse,ACC,,17,15,74.1,72.9,1.22,,4.17,,4.63,0.76,5.39,108.95,101.57,7.39,2023
100,San Jose State,MWC,,21,14,67.5,66.2,1.26,,4.52,,-1.21,6.38,5.17,107.83,100.16,7.68,2023
,,,,,,,,,,,,SRS,SRS,SRS,Adjusted,Adjusted,Adjusted,2023
101,Loyola Marymount,WCC,,19,12,75.3,73.1,2.26,,4.32,,3.71,1.27,4.98,108.23,100.86,7.36,2023
102,Hofstra,CAA,,25,10,74.8,66.4,8.43,,-2.30,,3.52,1.44,4.96,107.78,100.16,7.62,2023
103,James Madison,Sun Belt,,22,11,80.5,68.1,12.48,,-2.31,,5.80,-0.84,4.96,105.25,98.99,6.26,2023
104,Furman,Southern,,28,8,80.9,71.2,9.67,,-2.90,,6.90,-2.02,4.89,111.77,104.81,6.96,2023
105,Indiana State,MVC,,23,13,79.3,69.6,9.67,,-4.02,,6.84,-1.98,4.86,108.23,101.49,6.74,2023
106,Princeton,Ivy,,23,9,75.5,68.5,7.00,,-0.97,,2.98,1.78,4.76,107.23,100.60,6.63,2023
107,Temple,AAC,,16,16,69.6,70.2,-0.63,,5.30,,1.75,2.93,4.68,105.53,98.62,6.91,2023
108,Grand Canyon,WAC,,24,12,75.2,67.3,7.92,,1.27,,2.18,2.25,4.43,109.20,103.11,6.10,2023
109,Louisiana,Sun Belt,,26,8,77.4,69.5,7.88,,-0.51,,5.12,-0.85,4.27,109.33,102.89,6.44,2023
110,Akron,MAC,,22,11,74.6,66.9,7.70,,-1.65,,0.99,3.21,4.19,107.23,101.11,6.12,2023
111,UC Irvine,Big West,,23,12,74.8,67.2,7.57,,-0.60,,3.20,0.96,4.16,104.97,99.04,5.93,2023
112,Charlotte,CUSA,,22,14,66.9,62.6,4.36,,-0.46,,-4.40,8.30,3.90,108.27,102.11,6.16,2023
113,South Alabama,Sun Belt,,19,16,70.9,65.2,5.74,,-0.49,,-0.59,4.16,3.58,105.86,99.93,5.93,2023
114,Duquesne,A-10,,20,13,74.9,71.3,3.64,,-0.16,,3.23,0.25,3.48,106.87,101.60,5.27,2023
115,Southern Utah,WAC,,24,13,82.8,74.7,8.11,,1.42,,8.94,-5.55,3.39,107.19,102.48,4.71,2023
116,Louisiana State,SEC,,14,19,67.6,70.7,-3.12,,6.44,,0.01,3.31,3.32,105.88,101.73,4.16,2023
117,Southern Mississippi,Sun Belt,,25,8,73.8,66.1,7.70,,-1.56,,1.66,1.65,3.31,104.19,99.29,4.90,2023
118,UC Santa Barbara,Big West,,27,8,71.7,65.9,5.86,,-2.03,,0.17,3.14,3.30,108.11,103.27,4.84,2023
119,Middle Tennessee,CUSA,,19,14,70.1,67.8,2.33,,2.08,,0.29,2.66,2.95,104.44,99.97,4.46,2023
120,DePaul,Big East,,10,23,71.2,77.3,-6.12,,9.03,,4.63,-1.72,2.90,106.06,101.64,4.42,2023
,,,,,,,,,,,,SRS,SRS,SRS,Adjusted,Adjusted,Adjusted,2023
121,Fresno State,MWC,,11,20,63.7,65.7,-2.00,,5.10,,-4.30,6.90,2.60,102.11,98.71,3.40,2023
122,Hawaii,Big West,,22,11,66.9,61.8,5.12,,-2.17,,-4.63,6.99,2.36,100.21,96.45,3.76,2023
123,Fordham,A-10,,25,8,72.0,67.6,4.39,,-2.14,,1.17,1.09,2.26,101.29,98.20,3.08,2023
124,Colgate,Patriot,,26,9,78.1,69.3,8.77,,-5.86,,4.88,-2.67,2.20,110.61,107.27,3.33,2023
125,Montana State,Big Sky,,25,10,73.9,66.9,7.03,,-1.43,,-1.90,4.07,2.18,102.17,98.77,3.40,2023
126,Notre Dame,ACC,,11,21,69.6,72.1,-2.50,,4.59,,0.64,1.45,2.09,108.66,105.79,2.87,2023
127,Georgia Tech,ACC,,15,18,69.7,70.8,-1.03,,4.89,,-0.38,2.47,2.08,103.34,101.07,2.28,2023
128,Wyoming,MWC,,9,22,69.2,72.1,-2.90,,6.12,,0.62,1.41,2.02,106.69,104.22,2.47,2023
129,Air Force,MWC,,14,18,66.9,67.1,-0.13,,2.12,,-2.88,4.88,2.00,105.60,102.93,2.68,2023
130,Davidson,A-10,,16,16,69.9,68.7,1.22,,1.47,,0.02,1.97,1.99,105.97,103.07,2.90,2023
131,South Florida,AAC,,14,18,72.0,72.0,0.00,,1.95,,1.64,0.30,1.95,104.64,101.56,3.08,2023
132,Belmont,MVC,,21,11,76.5,71.8,4.63,,-1.93,,4.99,-3.12,1.88,108.61,105.81,2.80,2023
133,Georgia,SEC,,16,16,68.5,71.5,-3.00,,4.80,,0.36,1.44,1.80,103.05,100.42,2.63,2023
134,Cal State Fullerton,Big West,,20,13,69.2,65.1,4.09,,-0.27,,-1.78,3.51,1.73,101.66,99.03,2.64,2023
135,George Mason,A-10,,20,13,68.7,67.3,1.45,,0.27,,-2.48,4.20,1.73,101.31,98.76,2.54,2023
136,Portland,WCC,,14,19,77.8,78.6,-0.85,,4.13,,6.28,-4.60,1.68,108.66,106.43,2.22,2023
137,Youngstown State,Horizon,,24,10,81.9,72.5,9.41,,-5.83,,6.45,-4.78,1.67,110.10,107.91,2.19,2023
138,UNC Greensboro,Southern,,20,12,72.1,64.5,7.56,,-2.91,,-3.66,5.32,1.66,99.76,97.23,2.53,2023
139,Vermont,AEC,,23,11,72.7,66.9,5.74,,-3.13,,-0.81,2.43,1.63,106.75,103.83,2.92,2023
140,Eastern Washington,Big Sky,,23,11,76.7,71.4,5.24,,-1.62,,4.05,-2.58,1.47,107.98,105.72,2.26,2023
,,,,,,,,,,,,SRS,SRS,SRS,Adjusted,Adjusted,Adjusted,2023
141,Richmond,A-10,,15,18,68.9,67.8,1.09,,0.34,,-2.07,3.50,1.43,103.20,100.89,2.31,2023
142,Troy,Sun Belt,,20,13,73.2,66.8,6.36,,-1.25,,0.02,1.37,1.39,101.47,99.74,1.74,2023
143,Southern Illinois,MVC,,23,10,65.7,61.4,4.30,,-2.14,,-6.73,7.88,1.15,99.98,98.00,1.99,2023
144,Boston College,ACC,,16,17,66.6,70.2,-3.64,,4.73,,-1.80,2.89,1.09,101.85,100.50,1.35,2023
145,Ohio,MAC,,19,14,78.8,73.1,5.73,,-2.68,,3.89,-2.82,1.07,107.98,106.42,1.57,2023
146,Seattle,WAC,,20,12,72.0,69.0,2.94,,0.67,,-0.85,1.76,0.91,99.81,98.42,1.39,2023
147,Pennsylvania,Ivy,,17,13,75.0,72.0,2.97,,-1.11,,3.04,-2.18,0.85,106.39,104.79,1.60,2023
148,Stephen F. Austin,WAC,,19,13,75.8,69.9,5.91,,-0.69,,2.70,-1.98,0.73,103.23,101.75,1.48,2023
149,UC Riverside,Big West,,22,12,72.4,69.2,3.26,,-0.34,,1.15,-0.43,0.72,103.94,103.04,0.90,2023
150,Cornell,Ivy,,17,11,81.7,76.0,5.64,,-2.41,,8.57,-7.94,0.63,109.12,108.68,0.44,2023
151,Massachusetts-Lowell,AEC,,26,8,78.0,66.0,12.06,,-8.53,,2.23,-1.60,0.63,104.64,103.84,0.80,2023
152,Kennesaw State,A-Sun,,26,9,75.0,69.0,6.03,,-2.06,,1.06,-0.46,0.60,101.95,101.23,0.73,2023
153,Samford,Southern,,21,11,78.7,71.6,7.16,,-4.36,,3.48,-2.98,0.50,106.27,105.45,0.82,2023
154,Missouri State,MVC,,17,15,65.6,63.2,2.41,,-1.00,,-5.58,5.94,0.35,102.23,101.88,0.35,2023
155,Towson,CAA,,21,12,71.8,66.7,5.03,,-4.79,,-1.25,1.49,0.24,104.94,104.06,0.89,2023
156,California Baptist,WAC,,17,16,69.4,65.3,4.09,,-0.69,,-4.74,4.95,0.21,101.16,100.70,0.46,2023
157,Louisiana Tech,CUSA,,15,18,72.2,70.3,1.91,,1.90,,0.68,-0.58,0.10,103.51,103.50,0.01,2023
158,Oregon State,Pac-12,,11,21,61.2,67.0,-5.78,,6.60,,-6.44,6.52,0.08,99.92,100.57,-0.65,2023
159,Pepperdine,WCC,,9,22,78.0,81.3,-3.32,,4.71,,6.47,-6.59,-0.12,103.84,103.68,0.17,2023
160,Southern Methodist,AAC,,10,22,70.3,75.6,-5.31,,5.20,,1.91,-2.03,-0.12,101.69,101.54,0.15,2023
,,,,,,,,,,,,SRS,SRS,SRS,Adjusted,Adjusted,Adjusted,2023
161,Utah Tech,WAC,,14,19,75.6,73.3,2.27,,1.01,,2.73,-2.89,-0.16,105.55,105.85,-0.31,2023
162,East Carolina,AAC,,16,17,68.8,70.5,-1.70,,1.41,,-1.83,1.54,-0.29,101.10,101.39,-0.29,2023
163,Minnesota,Big Ten,,9,22,62.9,71.0,-8.16,,7.86,,-2.40,2.10,-0.30,101.62,102.45,-0.83,2023
164,UC Davis,Big West,,18,14,74.8,71.1,3.69,,-1.74,,2.75,-3.06,-0.31,101.80,102.03,-0.23,2023
165,Saint Joseph's,A-10,,16,17,72.4,72.4,-0.03,,-0.30,,1.91,-2.24,-0.33,102.86,103.56,-0.70,2023
166,Florida State,ACC,,9,23,69.3,76.2,-6.88,,6.50,,1.96,-2.34,-0.38,104.36,104.90,-0.54,2023
167,Old Dominion,Sun Belt,,19,12,66.9,66.2,0.68,,-0.64,,-3.78,3.37,-0.41,100.27,101.25,-0.98,2023
168,Pacific,WCC,,15,18,75.8,77.7,-1.91,,2.05,,4.62,-5.19,-0.56,105.30,106.15,-0.85,2023
169,Long Beach State,Big West,,17,16,76.5,74.4,2.09,,-0.42,,7.06,-7.64,-0.58,102.40,103.37,-0.98,2023
170,Harvard,Ivy,,14,14,68.4,66.4,2.00,,-2.02,,-4.46,3.75,-0.71,99.21,100.08,-0.86,2023
171,UTEP,CUSA,,14,18,68.5,68.5,0.00,,1.82,,-3.21,2.46,-0.74,97.51,98.37,-0.86,2023
172,Tarleton State,WAC,,17,17,71.9,67.9,4.06,,1.71,,-2.61,1.85,-0.76,100.34,101.74,-1.40,2023
173,Western Kentucky,CUSA,,17,16,71.4,70.6,0.76,,1.09,,-0.75,-0.06,-0.81,101.78,103.00,-1.21,2023
174,Northern Kentucky,Horizon,,22,13,67.8,63.5,4.23,,-2.89,,-6.79,5.96,-0.83,100.97,101.75,-0.79,2023
175,Georgetown,Big East,,7,25,69.5,78.1,-8.59,,7.52,,2.14,-3.21,-1.07,103.64,105.14,-1.50,2023
176,Montana,Big Sky,,17,14,69.3,68.2,1.06,,-1.85,,-2.47,1.32,-1.15,105.26,107.09,-1.83,2023
177,UNC Wilmington,CAA,,24,10,68.9,64.3,4.59,,-3.05,,-4.17,2.99,-1.17,100.18,101.63,-1.45,2023
178,Ball State,MAC,,20,12,76.4,71.6,4.78,,-3.50,,1.47,-2.67,-1.20,105.65,107.02,-1.37,2023
179,St. Bonaventure,A-10,,14,18,66.8,67.7,-0.91,,-0.41,,-4.46,3.14,-1.32,99.45,101.23,-1.77,2023
180,Massachusetts,A-10,,15,16,69.8,71.4,-1.65,,0.30,,0.29,-1.63,-1.34,98.27,100.39,-2.13,2023
,,,,,,,,,,,,SRS,SRS,SRS,Adjusted,Adjusted,Adjusted,2023
181,Eastern Kentucky,A-Sun,,23,14,78.6,73.5,5.11,,-1.62,,2.44,-3.91,-1.47,101.28,103.22,-1.94,2023
182,Appalachian State,Sun Belt,,16,16,70.3,64.6,5.66,,-0.98,,-5.30,3.80,-1.50,98.73,101.02,-2.29,2023
183,New Mexico State,WAC,,9,15,73.7,71.7,2.04,,2.45,,1.42,-2.97,-1.56,103.88,106.10,-2.22,2023
184,UNC Asheville,Big South,,27,8,74.4,69.1,5.31,,-4.35,,-0.09,-1.65,-1.74,100.46,103.08,-2.62,2023
185,Longwood,Big South,,20,12,73.2,66.2,6.94,,-6.35,,-3.19,1.44,-1.75,101.63,103.83,-2.20,2023
186,South Dakota State,Summit,,19,13,70.9,69.8,1.16,,-2.07,,-2.00,0.19,-1.82,101.27,103.60,-2.34,2023
187,Radford,Big South,,21,15,69.3,64.8,4.56,,-3.86,,-4.39,2.53,-1.86,101.70,104.28,-2.57,2023
188,George Washington,A-10,,16,16,76.3,76.7,-0.44,,-0.61,,5.67,-7.60,-1.93,107.72,110.12,-2.40,2023
189,Lipscomb,A-Sun,,20,13,76.4,71.0,5.39,,-4.02,,1.65,-3.60,-1.95,101.66,104.58,-2.92,2023
190,Rice,CUSA,,19,16,76.9,76.6,0.37,,1.40,,4.94,-6.89,-1.95,106.13,108.79,-2.65,2023
191,San Diego,WCC,,11,20,77.1,80.5,-3.35,,3.28,,5.69,-7.75,-2.06,108.88,111.66,-2.79,2023
192,Drexel,CAA,,17,15,66.7,62.4,4.31,,-5.43,,-6.38,4.11,-2.27,98.51,101.30,-2.79,2023
193,South Carolina,SEC,,11,21,64.3,72.6,-8.28,,6.00,,-3.41,1.13,-2.28,102.13,105.85,-3.73,2023
194,Texas State,Sun Belt,,16,19,66.0,66.7,-0.71,,-0.70,,-5.22,2.90,-2.32,101.60,105.15,-3.56,2023
195,Chattanooga,Southern,,18,17,77.2,72.1,5.11,,-3.34,,1.97,-4.30,-2.34,104.94,108.19,-3.26,2023
196,Wright State,Horizon,,18,15,79.9,73.7,6.21,,-5.89,,4.18,-6.52,-2.34,101.75,105.18,-3.43,2023
197,Quinnipiac,MAAC,,20,12,73.0,69.7,3.25,,-5.20,,1.17,-3.60,-2.43,101.33,104.87,-3.54,2023
198,Brown,Ivy,,14,13,69.6,69.3,0.22,,-2.69,,-2.35,-0.12,-2.47,97.53,100.79,-3.25,2023
199,Texas A&M-Corpus Christi,Southland,,24,11,80.1,73.2,6.91,,-7.02,,2.27,-4.84,-2.57,103.85,107.10,-3.25,2023
200,Cleveland State,Horizon,,21,14,71.8,68.7,3.06,,-5.05,,-2.26,-0.33,-2.60,101.45,105.15,-3.70,2023
,,,,,,,,,,,,SRS,SRS,SRS,Adjusted,Adjusted,Adjusted,2023
201,Florida Gulf Coast,A-Sun,,17,15,71.3,69.4,1.81,,-3.08,,-1.91,-0.72,-2.63,101.46,105.28,-3.82,2023
202,Northern Iowa,MVC,,14,18,70.1,69.9,0.19,,-1.07,,-1.49,-1.20,-2.68,101.26,105.11,-3.85,2023
203,Florida International,CUSA,,14,18,73.1,75.1,-2.03,,0.32,,1.62,-4.33,-2.71,100.69,103.96,-3.26,2023
204,Abilene Christian,WAC,,13,17,75.0,71.1,3.87,,0.90,,1.19,-3.98,-2.79,102.67,106.34,-3.67,2023
205,La Salle,A-10,,15,19,69.8,72.6,-2.76,,-0.02,,-0.62,-2.17,-2.79,101.27,105.34,-4.07,2023
206,Navy,Patriot,,18,13,69.4,64.9,4.48,,-6.12,,-4.65,1.86,-2.79,100.20,103.95,-3.75,2023
207,Stetson,A-Sun,,17,14,76.8,73.8,3.03,,-2.69,,2.37,-5.20,-2.83,108.72,112.61,-3.89,2023
208,North Carolina Central,MEAC,,18,12,75.6,65.9,9.70,,-6.10,,-2.66,-0.25,-2.91,97.86,101.81,-3.96,2023
209,Weber State,Big Sky,,18,15,67.2,67.5,-0.30,,-1.33,,-5.53,2.59,-2.94,97.37,101.82,-4.44,2023
210,Buffalo,MAC,,15,17,77.5,77.7,-0.13,,0.67,,3.67,-6.64,-2.97,101.05,104.33,-3.27,2023
211,St. Thomas,Summit,,19,14,74.2,70.2,3.97,,-4.65,,-0.50,-2.60,-3.10,105.18,109.26,-4.08,2023
212,Detroit Mercy,Horizon,,14,19,76.6,75.3,1.24,,-3.61,,3.03,-6.23,-3.21,107.45,112.14,-4.69,2023
213,Georgia Southern,Sun Belt,,17,16,68.4,66.7,1.70,,-2.02,,-4.87,1.62,-3.25,97.60,102.20,-4.60,2023
214,California,Pac-12,,3,29,58.3,70.1,-11.78,,8.43,,-7.67,4.32,-3.36,96.77,102.85,-6.08,2023
215,Siena,MAAC,,17,15,68.6,67.2,1.38,,-4.82,,-2.88,-0.56,-3.44,99.41,104.17,-4.76,2023
216,Rider,MAAC,,16,14,70.2,67.6,2.60,,-4.90,,-2.13,-1.36,-3.49,103.31,108.21,-4.90,2023
217,Bryant,AEC,,17,13,79.4,73.1,6.27,,-4.52,,3.75,-7.34,-3.59,101.85,106.94,-5.09,2023
218,Norfolk State,MEAC,,22,11,75.8,68.6,7.18,,-6.62,,-1.50,-2.22,-3.72,104.49,109.64,-5.15,2023
219,Gardner-Webb,Big South,,15,16,70.7,65.5,5.16,,-4.64,,-5.77,1.92,-3.84,95.55,100.80,-5.25,2023
220,Northern Arizona,Big Sky,,12,23,73.7,74.7,-0.97,,-0.20,,0.85,-4.72,-3.87,104.01,109.33,-5.32,2023
,,,,,,,,,,,,SRS,SRS,SRS,Adjusted,Adjusted,Adjusted,2023
221,Grambling,SWAC,,24,9,69.0,62.2,6.73,,-8.48,,-6.85,2.82,-4.03,95.23,100.34,-5.11,2023
222,Queens (NC),A-Sun,,18,15,77.7,74.6,3.06,,-4.26,,2.57,-6.72,-4.16,104.17,110.37,-6.21,2023
223,Rhode Island,A-10,,9,22,66.0,70.6,-4.65,,0.49,,-4.41,0.25,-4.16,95.98,101.65,-5.67,2023
224,Murray State,MVC,,17,15,70.4,72.0,-1.59,,-1.61,,-0.81,-3.64,-4.45,102.41,109.43,-7.02,2023
225,North Dakota State,Summit,,16,17,72.8,73.2,-0.30,,-2.11,,-1.31,-3.25,-4.56,101.09,107.30,-6.21,2023
226,Sacramento State,Big Sky,,14,18,66.1,67.8,-1.72,,-1.60,,-6.07,1.44,-4.63,100.49,107.55,-7.06,2023
227,Loyola (IL),A-10,,10,21,67.4,72.5,-5.10,,0.44,,-3.07,-1.58,-4.65,99.85,106.38,-6.52,2023
228,Northern Colorado,Big Sky,,12,20,73.6,77.5,-3.91,,-0.65,,2.92,-7.57,-4.65,103.33,109.91,-6.58,2023
229,Milwaukee,Horizon,,22,12,78.2,74.2,4.03,,-3.98,,2.78,-7.47,-4.69,99.36,105.99,-6.63,2023
230,Northwestern State,Southland,,22,11,74.6,72.1,2.58,,-7.04,,-1.58,-3.14,-4.72,101.36,107.85,-6.49,2023
231,UT Arlington,WAC,,11,21,66.4,68.4,-2.03,,2.12,,-5.93,0.95,-4.98,97.50,105.16,-7.66,2023
232,Wofford,Southern,,17,16,74.7,72.5,2.24,,-3.32,,-0.02,-5.00,-5.02,105.54,112.93,-7.39,2023
233,Howard,MEAC,,22,13,75.3,72.6,2.63,,-5.14,,-0.86,-4.19,-5.04,98.89,106.03,-7.14,2023
234,Mercer,Southern,,14,19,68.7,67.0,1.73,,-3.98,,-6.84,1.73,-5.11,96.90,104.26,-7.36,2023
235,Portland State,Big Sky,,12,19,76.2,75.5,0.74,,-0.58,,2.92,-8.09,-5.17,100.02,106.97,-6.95,2023
236,Campbell,Big South,,16,18,69.8,68.5,1.32,,-4.89,,-3.55,-1.68,-5.23,101.19,108.88,-7.69,2023
237,Louisville,ACC,,4,28,63.9,75.8,-11.84,,6.45,,-3.52,-1.87,-5.39,100.22,108.57,-8.35,2023
238,Purdue Fort Wayne,Horizon,,17,15,73.9,69.8,4.06,,-4.96,,-2.69,-2.76,-5.46,97.14,105.49,-8.35,2023
239,Delaware,CAA,,17,16,69.6,70.7,-1.06,,-3.72,,-2.73,-2.84,-5.57,99.74,107.27,-7.53,2023
240,Robert Morris,Horizon,,16,17,69.3,66.8,2.48,,-5.57,,-6.61,0.79,-5.83,95.93,104.44,-8.51,2023
,,,,,,,,,,,,SRS,SRS,SRS,Adjusted,Adjusted,Adjusted,2023
241,East Tennessee State,Southern,,12,20,69.1,69.0,0.09,,-4.44,,-5.46,-0.55,-6.00,98.20,106.94,-8.75,2023
242,Jacksonville,A-Sun,,13,16,63.3,62.6,0.72,,-2.54,,-11.73,5.54,-6.19,96.41,105.72,-9.31,2023
243,Maryland-Baltimore County,AEC,,18,14,74.3,72.8,1.56,,-6.96,,-0.21,-6.01,-6.22,103.15,112.16,-9.01,2023
244,Western Carolina,Southern,,18,16,73.9,70.7,3.18,,-4.08,,-2.00,-4.34,-6.34,98.24,107.12,-8.88,2023
245,SIU Edwardsville,OVC,,19,14,74.6,71.3,3.33,,-7.52,,-2.92,-3.53,-6.45,96.98,105.83,-8.85,2023
246,Texas-Rio Grande Valley,WAC,,15,17,78.7,78.2,0.50,,-0.55,,3.79,-10.27,-6.48,100.19,108.95,-8.75,2023
247,Northern Illinois,MAC,,13,19,72.0,75.0,-3.03,,-2.65,,-2.37,-4.17,-6.55,97.06,106.03,-8.97,2023
248,Idaho State,Big Sky,,11,21,69.2,71.0,-1.84,,-2.96,,-4.33,-2.23,-6.56,99.19,108.60,-9.40,2023
249,Winthrop,Big South,,15,17,73.8,74.4,-0.69,,-3.59,,0.53,-7.16,-6.63,104.66,114.26,-9.60,2023
250,Jacksonville State,A-Sun,,13,18,69.9,70.3,-0.39,,-2.60,,-5.32,-1.35,-6.67,97.77,107.69,-9.92,2023
251,North Florida,A-Sun,,14,17,76.2,77.6,-1.35,,-2.54,,2.46,-9.20,-6.75,104.09,113.65,-9.56,2023
252,Niagara,MAAC,,16,15,65.0,65.9,-0.90,,-4.58,,-8.34,1.56,-6.78,98.75,108.92,-10.17,2023
253,Georgia State,Sun Belt,,10,21,66.7,69.4,-2.65,,-0.93,,-5.77,-1.02,-6.79,95.45,105.23,-9.78,2023
254,UC San Diego,Big West,,10,20,68.6,73.0,-4.40,,-0.76,,-3.13,-3.81,-6.94,98.07,108.76,-10.69,2023
255,Fairfield,MAAC,,13,18,64.9,66.0,-1.06,,-4.51,,-7.16,0.18,-6.98,96.28,106.70,-10.42,2023
256,Canisius,MAAC,,10,20,70.4,72.3,-1.93,,-3.46,,-2.26,-4.79,-7.05,98.46,108.25,-9.80,2023
257,Morehead State,OVC,,22,12,69.8,66.6,3.18,,-5.07,,-9.07,1.97,-7.10,97.05,106.68,-9.63,2023
258,Army,Patriot,,17,16,73.1,70.4,2.73,,-7.58,,-1.22,-5.91,-7.13,100.43,110.29,-9.86,2023
259,Illinois State,MVC,,11,21,66.5,70.5,-4.00,,-3.38,,-5.67,-1.71,-7.38,97.61,108.10,-10.50,2023
260,Southeast Missouri State,OVC,,19,17,77.5,75.9,1.53,,-6.81,,1.96,-9.36,-7.40,97.81,107.97,-10.16,2023
,,,,,,,,,,,,SRS,SRS,SRS,Adjusted,Adjusted,Adjusted,2023
261,Bellarmine,A-Sun,,15,18,66.3,67.2,-0.88,,-1.35,,-8.28,0.86,-7.42,99.16,110.70,-11.54,2023
262,South Carolina Upstate,Big South,,16,16,68.7,69.5,-0.84,,-3.81,,-5.44,-2.01,-7.44,95.49,106.59,-11.10,2023
263,Miami (OH),MAC,,12,20,73.7,74.5,-0.88,,-2.43,,-2.23,-5.24,-7.46,101.95,112.29,-10.34,2023
264,Cal Poly,Big West,,8,25,60.8,65.9,-5.09,,-0.54,,-11.18,3.67,-7.51,91.45,103.24,-11.80,2023
265,Western Illinois,Summit,,16,14,73.0,72.4,0.67,,-4.73,,-3.43,-4.16,-7.59,99.53,110.87,-11.34,2023
266,North Dakota,Summit,,13,20,72.1,73.9,-1.76,,-3.09,,-2.17,-5.43,-7.60,100.39,111.51,-11.13,2023
267,Maryland-Eastern Shore,MEAC,,18,13,69.7,66.3,3.48,,-5.48,,-6.97,-0.66,-7.63,92.16,103.10,-10.94,2023
268,UTSA,CUSA,,10,22,69.3,76.6,-7.28,,1.16,,-0.67,-7.07,-7.74,99.82,110.24,-10.42,2023
269,Lafayette,Patriot,,11,23,62.4,65.6,-3.29,,-4.53,,-10.94,3.11,-7.83,92.52,104.19,-11.67,2023
270,Dartmouth,Ivy,,10,18,71.4,72.4,-1.04,,-2.52,,-3.20,-4.78,-7.98,95.28,106.38,-11.10,2023
271,Southeastern Louisiana,Southland,,18,14,77.6,76.0,1.59,,-6.73,,0.27,-8.27,-8.00,100.01,110.73,-10.72,2023
272,Oakland,Horizon,,13,19,73.3,76.3,-2.97,,-2.90,,0.04,-8.09,-8.06,101.18,112.47,-11.29,2023
273,Arkansas State,Sun Belt,,13,20,65.7,67.6,-1.91,,-3.30,,-8.60,0.53,-8.07,97.76,109.74,-11.98,2023
274,Boston University,Patriot,,15,17,67.1,67.2,-0.13,,-6.52,,-6.99,-1.11,-8.10,95.00,106.71,-11.71,2023
275,Mount St. Mary's,MAAC,,13,20,63.7,67.0,-3.36,,-4.02,,-7.94,-0.24,-8.18,93.43,105.33,-11.90,2023
276,American,Patriot,,17,15,65.4,65.9,-0.53,,-7.73,,-8.24,-0.02,-8.26,97.75,109.69,-11.95,2023
277,Cal State Bakersfield,Big West,,11,22,60.5,64.7,-4.21,,-1.47,,-11.29,2.95,-8.34,91.78,104.41,-12.63,2023
278,Marist,MAAC,,13,20,63.9,66.7,-2.76,,-5.68,,-8.19,-0.25,-8.44,94.78,107.04,-12.26,2023
279,Bowling Green,MAC,,11,20,76.0,78.5,-2.55,,-3.81,,-0.09,-8.37,-8.46,99.64,111.34,-11.70,2023
280,Tulsa,AAC,,5,25,65.3,77.4,-12.13,,3.66,,-3.29,-5.19,-8.48,97.65,110.33,-12.67,2023
,,,,,,,,,,,,SRS,SRS,SRS,Adjusted,Adjusted,Adjusted,2023
281,Nicholls State,Southland,,16,15,75.6,72.7,2.94,,-5.46,,-2.74,-5.80,-8.54,95.00,106.22,-11.22,2023
282,Southern,SWAC,,15,17,71.9,71.3,0.63,,-6.50,,-3.81,-4.76,-8.57,93.89,105.72,-11.83,2023
283,Louisiana-Monroe,Sun Belt,,11,21,67.4,69.8,-2.44,,-0.57,,-6.70,-1.94,-8.64,94.26,106.70,-12.44,2023
284,North Alabama,A-Sun,,18,15,74.1,74.3,-0.18,,-3.95,,-1.21,-7.45,-8.65,99.00,110.83,-11.83,2023
285,Tennessee-Martin,OVC,,19,14,80.5,75.4,5.12,,-7.91,,0.66,-9.33,-8.67,97.47,109.66,-12.19,2023
286,Idaho,Big Sky,,10,22,73.0,72.9,0.09,,-3.86,,-3.48,-5.21,-8.70,100.02,113.26,-13.24,2023
287,Valparaiso,MVC,,11,21,68.9,73.6,-4.66,,-2.75,,-4.05,-4.67,-8.72,95.21,107.56,-12.34,2023
288,Alcorn State,SWAC,,18,14,67.7,70.6,-2.94,,-5.81,,-3.93,-4.82,-8.74,97.60,109.68,-12.08,2023
289,Illinois-Chicago,MVC,,12,20,67.2,71.6,-4.47,,-3.12,,-4.11,-4.72,-8.83,93.88,106.59,-12.71,2023
290,Southern Indiana,OVC,,16,17,75.8,74.2,1.61,,-7.13,,-0.22,-8.65,-8.87,98.93,111.53,-12.59,2023
291,Maine,AEC,,13,17,68.5,69.7,-1.23,,-4.66,,-6.07,-2.81,-8.88,96.18,109.24,-13.06,2023
292,Prairie View,SWAC,,13,19,67.8,68.6,-0.88,,-6.58,,-7.51,-1.41,-8.92,91.81,104.00,-12.19,2023
293,Coastal Carolina,Sun Belt,,11,20,73.3,74.0,-0.68,,-1.75,,-0.97,-7.96,-8.93,100.65,113.40,-12.75,2023
294,FDU,NEC,,21,16,77.4,74.2,3.22,,-9.83,,1.71,-10.69,-8.98,102.73,115.37,-12.64,2023
295,Tennessee State,OVC,,18,14,78.1,75.0,3.06,,-8.94,,-1.12,-7.90,-9.01,97.51,110.49,-12.98,2023
296,New Hampshire,AEC,,15,15,66.4,67.0,-0.63,,-5.70,,-9.90,0.84,-9.05,93.89,106.88,-12.99,2023
297,Lehigh,Patriot,,16,14,69.8,69.4,0.40,,-6.04,,-4.67,-4.41,-9.08,93.41,106.55,-13.14,2023
298,Tennessee Tech,OVC,,16,17,73.7,73.4,0.33,,-6.37,,-3.29,-6.11,-9.40,98.22,111.37,-13.15,2023
299,Charleston Southern,Big South,,10,21,72.6,74.4,-1.74,,-4.47,,-2.44,-7.00,-9.44,101.78,115.83,-14.05,2023
300,Denver,Summit,,15,17,72.7,75.1,-2.41,,-5.89,,-2.14,-7.42,-9.56,96.98,110.84,-13.86,2023
,,,,,,,,,,,,SRS,SRS,SRS,Adjusted,Adjusted,Adjusted,2023
301,Kansas City,Summit,,11,21,64.4,68.7,-4.34,,-3.28,,-10.47,0.70,-9.78,92.16,106.48,-14.33,2023
302,Manhattan,MAAC,,12,18,67.2,70.4,-3.20,,-4.94,,-5.47,-4.40,-9.87,94.73,108.76,-14.03,2023
303,South Dakota,Summit,,12,19,69.3,73.6,-4.29,,-3.32,,-4.63,-5.24,-9.87,98.76,113.18,-14.42,2023
304,High Point,Big South,,14,17,74.6,77.2,-2.58,,-5.23,,-0.66,-9.22,-9.88,96.56,110.38,-13.82,2023
305,Saint Peter's,MAAC,,14,18,62.1,65.1,-3.03,,-5.25,,-11.01,1.11,-9.90,93.23,108.31,-15.08,2023
306,Bucknell,Patriot,,12,20,67.5,68.5,-0.97,,-6.96,,-5.99,-3.94,-9.93,95.38,109.66,-14.28,2023
307,Northeastern,CAA,,10,20,65.3,71.7,-6.37,,-3.96,,-6.60,-3.73,-10.33,93.89,108.82,-14.94,2023
308,Cal State Northridge,Big West,,7,25,63.4,68.6,-5.19,,-1.74,,-9.43,-0.98,-10.40,92.62,108.30,-15.68,2023
309,Binghamton,AEC,,13,18,68.8,71.5,-2.71,,-5.51,,-6.08,-4.36,-10.44,95.00,110.35,-15.35,2023
310,Western Michigan,MAC,,8,23,69.9,74.0,-4.16,,-2.34,,-4.21,-6.34,-10.55,100.05,115.76,-15.71,2023
311,Texas Southern,SWAC,,14,21,69.2,71.9,-2.74,,-5.05,,-5.01,-5.56,-10.56,92.07,106.69,-14.62,2023
312,Alabama A&M,SWAC,,15,18,69.6,70.9,-1.30,,-7.71,,-6.15,-4.63,-10.78,93.65,108.46,-14.81,2023
313,Omaha,Summit,,9,23,68.5,76.2,-7.69,,-1.83,,-3.97,-6.83,-10.80,96.97,112.66,-15.69,2023
314,William & Mary,CAA,,13,20,67.2,70.3,-3.06,,-4.18,,-6.98,-4.00,-10.99,96.81,112.88,-16.07,2023
315,Eastern Michigan,MAC,,8,23,72.2,80.8,-8.58,,-1.88,,-0.90,-10.15,-11.05,98.59,113.80,-15.21,2023
316,East Texas A&M,Southland,,13,20,71.6,73.4,-1.79,,-7.53,,-5.24,-5.85,-11.09,96.88,112.42,-15.54,2023
317,Merrimack,NEC,,18,16,62.6,62.3,0.26,,-9.12,,-13.48,2.30,-11.18,86.01,101.97,-15.96,2023
318,Chicago State,Ind,,11,20,70.3,73.0,-2.71,,-3.51,,-6.47,-4.82,-11.29,98.16,114.37,-16.20,2023
319,Jackson State,SWAC,,14,19,67.6,73.6,-5.97,,-5.39,,-5.23,-6.13,-11.36,95.00,110.69,-15.69,2023
320,North Carolina A&T,CAA,,13,19,70.8,73.8,-3.06,,-3.95,,-3.11,-8.30,-11.40,94.72,110.88,-16.16,2023
,,,,,,,,,,,,SRS,SRS,SRS,Adjusted,Adjusted,Adjusted,2023
321,Morgan State,MEAC,,15,16,74.9,72.3,2.61,,-6.10,,-5.12,-6.47,-11.58,89.86,105.51,-15.66,2023
322,Wagner,NEC,,15,13,63.1,61.7,1.39,,-10.85,,-14.25,2.44,-11.81,89.77,106.21,-16.44,2023
323,Central Michigan,MAC,,10,21,65.7,73.0,-7.26,,-2.62,,-9.04,-2.93,-11.97,89.78,107.14,-17.36,2023
324,Loyola (MD),Patriot,,13,20,67.3,70.6,-3.30,,-6.14,,-7.51,-4.54,-12.05,95.03,113.13,-18.10,2023
325,The Citadel,Southern,,10,22,67.4,74.2,-6.75,,-3.77,,-6.79,-5.34,-12.13,94.50,111.90,-17.41,2023
326,Austin Peay,A-Sun,,9,22,66.7,72.3,-5.61,,-2.60,,-9.50,-2.67,-12.17,93.79,111.38,-17.59,2023
327,Stony Brook,CAA,,11,22,63.1,69.1,-5.94,,-4.13,,-11.23,-1.22,-12.45,91.86,110.19,-18.34,2023
328,NJIT,AEC,,7,23,66.9,72.7,-5.80,,-5.61,,-6.74,-5.83,-12.57,93.77,112.38,-18.61,2023
329,Little Rock,OVC,,10,21,75.4,79.4,-4.00,,-6.97,,0.02,-12.64,-12.62,98.37,115.88,-17.51,2023
330,Sacred Heart,NEC,,16,17,70.7,71.2,-0.58,,-10.91,,-4.54,-8.24,-12.78,92.58,110.50,-17.92,2023
331,Elon,CAA,,8,24,65.4,71.6,-6.16,,-4.38,,-8.27,-4.57,-12.85,93.84,112.35,-18.51,2023
332,Stonehill,NEC,,14,17,67.0,69.6,-2.61,,-8.59,,-8.31,-4.54,-12.86,91.36,109.69,-18.33,2023
333,Arkansas-Pine Bluff,SWAC,,10,21,66.9,69.7,-2.84,,-5.36,,-6.87,-6.12,-12.99,90.04,108.51,-18.47,2023
334,Saint Francis (PA),NEC,,13,18,73.0,73.7,-0.74,,-9.27,,-3.26,-10.16,-13.41,97.35,117.00,-19.64,2023
335,Presbyterian,Big South,,5,27,63.2,69.5,-6.31,,-5.02,,-11.32,-2.24,-13.55,90.78,111.28,-20.50,2023
336,McNeese State,Southland,,11,23,69.2,75.4,-6.26,,-5.48,,-6.90,-6.74,-13.63,95.28,114.72,-19.44,2023
337,Central Connecticut State,NEC,,10,22,66.0,70.2,-4.19,,-9.49,,-9.04,-4.64,-13.68,93.40,113.19,-19.79,2023
338,Central Arkansas,A-Sun,,9,22,72.9,81.5,-8.58,,-3.15,,-0.76,-12.96,-13.72,94.12,112.84,-18.73,2023
339,Eastern Illinois,OVC,,9,22,68.8,72.1,-3.26,,-6.75,,-8.98,-5.11,-14.09,90.41,110.54,-20.13,2023
340,New Orleans,Southland,,12,20,73.1,79.3,-6.13,,-7.36,,-2.59,-11.64,-14.23,94.32,113.86,-19.55,2023
,,,,,,,,,,,,SRS,SRS,SRS,Adjusted,Adjusted,Adjusted,2023
341,Holy Cross,Patriot,,10,22,66.8,72.6,-5.88,,-6.40,,-7.39,-6.88,-14.27,90.28,110.69,-20.41,2023
342,Albany (NY),AEC,,8,23,67.3,75.2,-7.94,,-4.53,,-6.22,-8.14,-14.36,94.51,115.59,-21.09,2023
343,Columbia,Ivy,,7,22,67.8,75.8,-7.97,,-2.37,,-6.46,-7.91,-14.37,90.34,110.10,-19.76,2023
344,Coppin State,MEAC,,9,23,72.0,83.2,-11.16,,-3.60,,-0.54,-14.22,-14.76,95.36,115.42,-20.06,2023
345,Lindenwood,OVC,,11,21,69.6,73.8,-4.25,,-6.35,,-7.71,-7.09,-14.80,91.35,112.14,-20.79,2023
346,Incarnate Word,Southland,,12,19,70.8,73.9,-3.10,,-8.28,,-8.23,-6.83,-15.06,91.93,113.03,-21.10,2023
347,Evansville,MVC,,5,27,62.4,76.0,-13.59,,-1.54,,-8.67,-6.47,-15.14,88.09,109.33,-21.23,2023
348,Hampton,CAA,,8,24,68.2,77.5,-9.31,,-4.71,,-5.38,-9.87,-15.25,93.41,114.73,-21.32,2023
349,Monmouth,CAA,,7,26,61.7,74.7,-13.03,,-2.61,,-9.54,-6.11,-15.64,88.49,111.58,-23.08,2023
350,VMI,Southern,,7,25,69.4,76.8,-7.41,,-3.45,,-6.50,-9.64,-16.14,94.43,118.08,-23.65,2023
351,Alabama State,SWAC,,8,23,63.3,72.6,-9.32,,-6.29,,-11.11,-5.22,-16.33,88.63,111.29,-22.66,2023
352,St. Francis (NY),NEC,,14,16,64.9,67.8,-2.93,,-11.17,,-12.72,-3.78,-16.49,86.44,110.44,-24.00,2023
353,South Carolina State,MEAC,,5,26,73.4,83.8,-10.48,,-4.13,,-1.65,-15.08,-16.73,94.05,116.14,-22.09,2023
354,Bethune-Cookman,SWAC,,12,20,67.9,75.0,-7.16,,-7.82,,-7.04,-10.11,-17.15,91.43,115.04,-23.61,2023
355,Houston Christian,Southland,,10,22,77.6,83.1,-5.50,,-6.94,,-1.50,-15.68,-17.18,96.76,120.10,-23.34,2023
356,Lamar,Southland,,9,22,67.9,74.5,-6.68,,-7.65,,-10.01,-7.39,-17.40,90.65,115.07,-24.42,2023
357,Delaware State,MEAC,,6,24,64.6,75.5,-10.87,,-4.95,,-10.09,-7.61,-17.70,88.59,113.34,-24.75,2023
358,Florida A&M,SWAC,,7,22,58.6,70.0,-11.38,,-4.99,,-14.36,-3.45,-17.81,86.33,112.27,-25.94,2023
359,Mississippi Valley State,SWAC,,5,27,61.0,74.8,-13.72,,-4.56,,-11.40,-6.88,-18.28,87.04,113.04,-26.00,2023
360,IU Indy,Horizon,,5,27,65.3,76.8,-11.47,,-5.57,,-8.88,-10.12,-19.00,91.01,118.47,-27.46,2023
,,,,,,,,,,,,SRS,SRS,SRS,Adjusted,Adjusted,Adjusted,2023
361,Green Bay,Horizon,,3,29,59.3,76.5,-17.16,,-3.14,,-13.92,-6.38,-20.30,86.19,116.34,-30.15,2023
362,Hartford,Ind,,5,23,62.8,71.1,-8.36,,-7.96,,-14.68,-8.44,-23.12,84.31,118.29,-33.98,2023
363,Long Island University,NEC,,3,26,66.7,80.0,-13.24,,-6.61,,-9.20,-15.27,-24.46,83.42,116.48,-33.06,2023
